{
  "run_date": "2026-06-09T13:43:57.449530",
  "sample_size": 15,
  "faithfulness": 0.7384106634106634,
  "context_precision": 0.6577777777355556,
  "answer_relevancy": 0.798642004456113,
  "context_recall": 0.6333333333333333,
  "targets": {
    "faithfulness": 0.88,
    "context_precision": 0.85,
    "answer_relevancy": 0.85,
    "context_recall": 0.8
  },
  "unanswerable_detection": {
    "rate": 0.909,
    "n": 22,
    "target": 0.85,
    "meets_target": true
  }
}