{
  "run_date": "2026-06-09T11:33:43.159521",
  "sample_size": 15,
  "faithfulness": 0.894074074074074,
  "context_precision": 0.6466666666283333,
  "answer_relevancy": 0.7915625360884103,
  "context_recall": 0.6044444444444443,
  "targets": {
    "faithfulness": 0.88,
    "context_precision": 0.85,
    "answer_relevancy": 0.85,
    "context_recall": 0.8
  }
}